t_s,health_monitor_cpu_pct,health_monitor_b_cpu_pct,task_server_cpu_pct,task_server_b_cpu_pct,slip_monitor_cpu_pct,system_monitor_cpu_pct,health_monitor_rss_mb,health_monitor_b_rss_mb,task_server_rss_mb,task_server_b_rss_mb,slip_monitor_rss_mb,system_monitor_rss_mb,load1
1.0,14.0,16.0,5.0,7.0,6.0,0.0,76.2,75.7,88.1,87.2,74.4,68.5,5.41
2.0,15.98,16.98,6.99,7.99,6.99,1.0,76.2,75.7,88.1,87.2,74.4,68.6,4.98
3.0,17.98,17.98,7.99,8.99,7.99,0.0,76.2,75.7,88.1,87.2,74.4,68.6,4.98
4.0,17.99,18.98,6.99,7.99,6.0,1.0,76.2,75.7,88.1,87.2,74.4,68.6,4.98
5.0,17.99,16.99,6.0,7.99,6.99,0.0,76.2,75.7,88.1,87.2,74.4,68.6,4.98
6.0,16.98,18.98,6.99,8.99,7.99,1.0,76.2,75.7,88.1,87.2,74.4,68.6,4.98
7.0,17.98,17.98,6.99,6.99,6.99,1.0,76.2,75.7,88.1,87.2,74.4,68.6,5.06
8.0,16.99,18.99,7.99,7.99,6.99,0.0,76.2,75.7,88.2,87.2,74.4,68.6,5.06
9.0,17.99,17.99,6.99,7.99,7.99,1.0,76.2,75.7,88.2,87.2,74.4,68.6,5.06
10.0,17.99,18.99,6.99,8.99,6.99,1.0,76.2,75.7,88.2,87.3,74.4,68.6,5.06
11.0,17.99,18.98,6.99,6.99,6.99,1.0,76.2,75.8,88.2,87.3,74.4,68.6,5.06
12.0,17.94,17.94,7.97,7.97,7.97,0.0,76.2,75.8,88.2,87.3,74.4,68.6,4.82
13.0,17.98,17.98,6.99,7.99,5.99,1.0,76.2,75.8,88.2,87.3,74.4,68.6,4.82
14.0,16.99,18.99,6.99,7.99,6.99,0.0,76.2,75.8,88.2,87.3,74.4,68.6,4.82
15.0,16.98,17.98,6.99,7.99,7.99,1.0,76.2,75.8,88.2,87.3,74.4,68.6,4.82
16.0,16.99,17.99,6.99,6.99,6.99,1.0,76.2,75.8,88.2,87.3,74.4,68.6,4.82
17.0,15.99,18.99,6.99,7.99,6.99,0.0,76.2,75.8,88.2,87.3,74.5,68.6,4.59
18.0,16.99,16.99,6.99,7.99,6.0,1.0,76.2,75.8,88.2,87.3,74.5,68.6,4.59
19.0,16.99,17.98,6.99,7.99,6.99,0.0,76.2,75.8,88.2,87.3,74.5,68.6,4.59
20.0,15.99,17.99,6.99,7.99,6.99,1.0,76.2,75.8,88.2,87.3,74.5,68.6,4.59
21.0,17.98,16.99,6.99,7.99,6.99,1.0,76.2,75.8,88.2,87.3,74.5,68.6,4.59
22.0,16.99,17.99,6.99,7.99,6.99,0.0,76.2,75.8,88.2,87.3,74.5,68.6,4.22
23.0,16.99,17.98,6.99,8.99,6.99,1.0,76.2,75.8,88.2,87.3,74.5,68.6,4.22
24.0,15.99,18.99,6.0,7.99,6.0,1.0,76.2,75.8,88.2,87.3,74.5,68.6,4.22
25.0,17.98,17.98,8.99,7.99,7.99,0.0,76.2,75.8,88.2,87.3,74.5,68.6,4.22
26.0,15.97,17.97,5.99,6.99,6.99,1.0,76.2,75.8,88.2,87.3,74.5,68.6,4.22
27.0,17.98,17.98,7.99,7.99,6.99,1.0,76.2,75.8,88.2,87.3,74.5,68.6,3.89
28.0,17.98,17.98,5.99,8.99,6.99,0.0,76.2,75.8,88.2,87.3,74.5,68.6,3.89
29.0,15.98,18.98,7.99,6.99,7.99,1.0,76.2,75.8,88.2,87.3,74.5,68.6,3.89
30.0,15.98,17.98,5.99,7.99,5.99,0.0,76.2,75.8,88.2,87.3,74.5,68.6,3.89
31.0,17.98,17.98,7.99,7.99,6.99,1.0,76.2,75.8,88.2,87.3,74.5,68.6,3.89
32.0,16.99,18.98,7.99,7.99,6.99,0.0,76.2,75.8,88.2,87.3,74.5,68.6,3.65
33.0,18.98,18.98,6.99,7.99,6.99,2.0,76.2,75.8,88.2,87.3,74.5,68.6,3.65
34.0,16.98,17.98,5.99,7.99,8.99,0.0,76.3,75.8,88.2,87.3,74.5,68.6,3.65
35.0,17.98,18.98,7.99,7.99,6.99,1.0,76.3,75.8,88.2,87.3,74.5,68.7,3.65
36.0,18.99,18.99,6.99,8.99,6.99,0.0,76.3,75.8,88.2,87.3,74.5,68.7,3.65
37.0,17.98,17.98,6.99,7.99,7.99,1.0,76.3,75.8,88.2,87.3,74.5,68.7,3.44
38.0,17.98,19.98,6.99,7.99,6.99,0.0,76.3,75.8,88.2,87.3,74.5,68.7,3.44
39.0,18.98,17.98,6.99,7.99,5.99,1.0,76.3,75.8,88.2,87.3,74.5,68.7,3.44
40.0,16.99,19.98,6.0,7.99,6.99,0.0,76.3,75.8,88.2,87.3,74.5,68.7,3.44
41.0,17.99,17.99,7.99,7.99,7.99,1.0,76.3,75.8,88.2,87.3,74.5,68.7,3.44
42.0,17.98,17.98,6.99,7.99,6.99,1.0,76.3,75.8,88.2,87.4,74.5,68.7,3.49
43.0,16.98,18.98,7.99,6.99,6.99,1.0,76.3,75.8,88.3,87.4,74.5,68.7,3.49
44.0,17.97,18.97,6.99,7.99,6.99,1.0,76.3,75.9,88.3,87.4,74.5,68.7,3.49
45.0,16.99,17.99,6.0,7.99,6.99,0.0,76.3,75.9,88.3,87.4,74.5,68.7,3.49
46.0,16.98,16.98,6.99,7.99,6.99,1.0,76.3,75.9,88.3,87.4,74.5,68.7,3.49
47.0,16.98,18.98,6.99,7.99,6.99,0.0,76.3,75.9,88.3,87.4,74.5,68.7,3.85
48.0,16.99,18.98,6.99,7.99,6.99,1.0,76.3,75.9,88.3,87.4,74.5,68.7,3.85
49.0,16.98,16.98,6.99,7.99,7.99,0.0,76.3,75.9,88.3,87.4,74.5,68.7,3.85
50.1,16.96,17.96,6.98,6.98,7.98,2.0,76.3,75.9,88.3,87.4,74.5,68.7,3.85
51.1,17.98,19.98,6.99,8.99,7.99,0.0,76.3,75.9,88.3,87.4,74.6,68.7,3.85
52.1,17.98,16.98,6.99,7.99,6.99,1.0,76.3,75.9,88.3,87.4,74.6,68.7,3.54
53.1,16.98,18.98,6.99,7.99,6.99,0.0,76.3,75.9,88.3,87.4,74.6,68.7,3.54
54.1,17.98,17.98,7.99,8.99,6.99,1.0,76.3,75.9,88.3,87.4,74.6,68.7,3.54
55.1,16.99,17.99,6.99,6.99,6.99,0.0,76.3,75.9,88.3,87.4,74.6,68.7,3.54
56.1,17.99,17.99,6.0,7.99,7.99,1.0,76.3,75.9,88.3,87.4,74.6,68.7,3.54
57.1,16.99,18.99,7.99,7.99,6.99,1.0,76.3,75.9,88.3,87.4,74.6,68.7,3.26
58.1,16.98,18.98,6.99,7.99,7.99,1.0,76.3,75.9,88.3,87.4,74.6,68.7,3.26
59.1,18.98,17.99,6.99,8.99,7.99,0.0,76.3,75.9,88.3,87.4,74.6,68.7,3.26
60.1,16.98,20.98,6.99,7.99,5.99,1.0,76.3,75.9,88.3,87.4,74.6,68.7,3.26
61.1,17.98,18.98,7.99,7.99,8.99,0.0,76.3,75.9,88.3,87.4,74.6,68.7,3.26
62.1,18.99,17.99,6.0,6.99,6.0,1.0,76.3,75.9,88.3,87.4,74.6,68.7,3.23
63.1,15.99,18.99,6.99,8.99,6.99,1.0,76.3,75.9,88.3,87.4,74.6,68.7,3.23
64.1,17.97,18.97,7.99,6.99,6.99,1.0,76.3,75.9,88.3,87.4,74.6,68.7,3.23
65.1,16.98,17.98,5.99,6.99,6.99,0.0,76.3,75.9,88.3,87.4,74.6,68.7,3.23
66.1,16.99,16.99,7.99,6.99,6.99,1.0,76.3,75.9,88.3,87.4,74.6,68.8,3.23
67.1,16.98,18.97,6.99,7.99,6.99,0.0,76.3,75.9,88.3,87.4,74.6,68.8,3.14
68.1,16.99,17.99,6.0,6.99,6.99,1.0,76.3,75.9,88.3,87.4,74.6,68.8,3.14
69.1,16.99,17.99,6.99,6.99,7.99,1.0,76.3,75.9,88.3,87.4,74.6,68.8,3.14
70.1,16.97,17.97,6.99,7.99,6.99,0.0,76.3,75.9,88.3,87.4,74.6,68.8,3.14
71.1,16.99,18.99,7.99,6.99,7.99,1.0,76.3,75.9,88.3,87.4,74.6,68.8,3.14
72.1,16.99,17.98,6.99,7.99,6.99,1.0,76.3,75.9,88.3,87.4,74.6,68.8,3.93
73.1,16.99,18.99,6.99,6.99,6.99,0.0,76.3,75.9,88.3,87.4,74.6,68.8,3.93
74.1,16.99,18.98,6.99,7.99,7.99,1.0,76.3,75.9,88.4,87.5,74.6,68.8,3.93
75.1,16.99,17.99,6.99,7.99,6.99,0.0,76.3,76.0,88.4,87.5,74.6,68.8,3.93
76.1,17.99,17.99,6.99,7.99,6.0,1.0,76.3,76.0,88.4,87.5,74.6,68.8,3.93
77.1,16.96,17.96,6.98,6.98,6.98,1.0,76.3,76.0,88.4,87.5,74.6,68.8,3.93
78.1,16.94,18.93,6.98,7.97,6.98,1.0,76.3,76.0,88.4,87.5,74.6,68.8,3.93
79.1,16.97,18.97,7.99,8.99,6.99,1.0,76.3,76.0,88.4,87.5,74.6,68.8,3.93
80.1,17.92,17.92,5.97,7.96,7.96,0.0,76.3,76.0,88.4,87.5,74.6,68.8,3.93
81.1,16.99,17.99,6.99,7.99,6.99,1.0,76.3,76.0,88.4,87.5,74.6,68.8,3.93
82.1,17.99,18.99,6.99,8.99,6.99,1.0,76.4,76.0,88.4,87.5,74.6,68.8,3.94
83.1,16.99,17.99,6.0,7.99,7.99,0.0,76.4,76.0,88.4,87.5,74.6,68.8,3.94
84.1,18.9,18.9,6.96,7.96,6.96,0.99,76.4,76.0,88.4,87.5,74.6,68.8,3.94
85.1,18.98,18.98,6.99,7.99,6.99,0.0,76.4,76.0,88.4,87.5,74.6,68.8,3.94
86.1,17.98,17.98,7.99,6.99,5.99,1.0,76.4,76.0,88.4,87.5,74.6,68.8,3.94
87.1,16.99,17.99,6.99,8.99,7.99,0.0,76.4,76.0,88.4,87.5,74.6,68.8,3.7
88.1,15.99,18.98,7.99,7.99,6.99,0.0,76.4,76.0,88.4,87.5,74.6,68.8,3.7
89.1,15.91,14.91,4.97,5.97,6.96,1.99,76.4,76.0,88.4,87.5,74.6,68.8,3.7
90.1,14.99,15.99,6.0,7.0,6.0,0.0,76.4,76.0,88.4,87.5,74.7,68.8,3.7
91.1,13.97,14.97,6.99,6.99,5.99,1.0,76.4,76.0,88.4,87.5,74.7,68.8,3.7
92.1,13.99,15.99,5.0,7.0,6.0,1.0,76.4,76.0,88.4,87.5,74.7,68.8,3.41
93.1,15.99,14.99,6.0,7.0,6.0,0.0,76.4,76.0,88.4,87.5,74.7,68.8,3.41
94.1,15.92,17.91,6.97,6.97,6.97,1.0,76.4,76.0,88.4,87.5,74.7,68.8,3.41
95.1,17.98,17.98,6.99,8.99,6.99,0.0,76.4,76.0,88.4,87.5,74.7,68.8,3.41
96.1,16.99,17.98,6.99,8.99,6.99,1.0,76.4,76.0,88.4,87.5,74.7,68.8,3.41
97.1,15.98,17.98,6.99,6.99,6.99,0.0,76.4,76.0,88.4,87.5,74.7,68.8,3.29
98.1,17.9,19.89,6.96,6.96,7.96,0.99,76.4,76.0,88.4,87.5,74.7,68.9,3.29
99.1,17.98,17.98,7.99,8.99,6.99,0.0,76.4,76.0,88.4,87.5,74.7,68.9,3.29
100.1,16.99,16.99,6.99,6.99,7.99,2.0,76.4,76.0,88.4,87.5,74.7,68.9,3.29
101.1,15.99,18.98,6.99,7.99,6.99,0.0,76.4,76.0,88.4,87.5,74.7,68.9,3.29
102.1,17.98,16.98,6.99,8.99,6.99,1.0,76.4,76.0,88.4,87.5,74.7,68.9,3.03
103.1,15.99,17.98,6.99,7.99,7.99,0.0,76.4,76.0,88.4,87.6,74.7,68.9,3.03
104.1,16.98,16.98,7.99,7.99,7.99,1.0,76.4,76.0,88.4,87.6,74.7,68.9,3.03
105.1,17.98,17.98,5.99,7.99,6.99,0.0,76.4,76.0,88.4,87.6,74.7,68.9,3.03
106.1,16.98,17.98,6.99,7.99,5.99,1.0,76.4,76.1,88.5,87.6,74.7,68.9,3.03
107.1,14.99,15.99,5.99,6.99,6.99,1.0,76.4,76.1,88.5,87.6,74.7,68.9,3.27
108.1,14.97,15.97,5.99,5.99,5.99,1.0,76.4,76.1,88.5,87.6,74.7,68.9,3.27
109.1,13.99,16.99,5.0,7.99,6.0,0.0,76.4,76.1,88.5,87.6,74.7,68.9,3.27
110.1,15.99,15.99,7.0,6.0,6.0,0.0,76.4,76.1,88.5,87.6,74.7,68.9,3.27
111.1,15.94,16.94,5.98,5.98,5.98,1.0,76.4,76.1,88.5,87.6,74.7,68.9,3.27
112.1,16.99,19.98,6.99,7.99,6.99,1.0,76.4,76.1,88.5,87.6,74.7,68.9,3.09
113.1,17.99,17.99,6.99,7.99,6.99,0.0,76.4,76.1,88.5,87.6,74.7,68.9,3.09
114.1,16.99,17.98,6.99,7.99,6.99,1.0,76.4,76.1,88.5,87.6,74.7,68.9,3.09
115.1,16.99,18.99,6.99,7.99,6.99,1.0,76.4,76.1,88.5,87.6,74.7,68.9,3.09
116.1,17.99,18.98,6.0,6.99,7.99,1.0,76.4,76.1,88.5,87.6,74.7,68.9,3.09
117.1,16.98,18.98,7.99,7.99,6.99,0.0,76.4,76.1,88.5,87.6,74.7,68.9,2.84
118.1,16.99,16.99,6.0,7.99,6.99,0.0,76.4,76.1,88.5,87.6,74.7,68.9,2.84
119.1,17.98,18.98,6.99,6.99,6.99,1.0,76.4,76.1,88.5,87.6,74.7,68.9,2.84
120.1,16.97,17.97,6.99,7.99,5.99,1.0,76.4,76.1,88.5,87.6,74.7,68.9,2.84
