t_s,cpu_probe_floor_cpu_pct,cpu_probe_raw_cpu_pct,cpu_probe_deser_cpu_pct,cpu_probe_tf_cpu_pct,health_monitor_cpu_pct,task_server_cpu_pct,cpu_probe_floor_rss_mb,cpu_probe_raw_rss_mb,cpu_probe_deser_rss_mb,cpu_probe_tf_rss_mb,health_monitor_rss_mb,task_server_rss_mb,load1
1.0,0.0,6.99,8.99,5.0,15.99,6.0,64.9,69.3,70.4,69.1,79.0,89.3,3.18
2.0,1.0,8.97,9.97,4.98,17.94,6.98,64.9,69.3,70.4,69.1,79.0,89.3,3.18
3.0,0.0,7.99,9.99,5.99,15.99,7.99,64.9,69.3,70.4,69.1,79.0,89.3,3.18
4.0,0.0,8.99,8.99,5.0,17.98,5.99,64.9,69.3,70.4,69.1,79.0,89.3,2.93
5.0,2.0,7.99,9.99,5.0,16.98,7.99,64.9,69.3,70.4,69.1,79.0,89.3,2.93
6.0,0.0,9.99,9.99,5.0,15.98,6.99,64.9,69.3,70.4,69.1,79.0,89.3,2.93
7.0,1.0,7.97,9.96,5.98,18.93,6.98,64.9,69.3,70.4,69.1,79.0,89.3,2.93
8.0,0.0,7.99,7.99,4.99,14.98,6.99,64.9,69.3,70.4,69.1,79.0,89.3,2.93
9.0,1.0,6.99,9.99,5.0,14.99,5.0,64.9,69.3,70.4,69.1,79.0,89.3,2.69
10.0,0.0,7.0,7.99,5.0,14.99,7.0,64.9,69.3,70.4,69.1,79.0,89.3,2.69
11.0,0.0,7.0,7.99,4.0,15.99,6.0,64.9,69.3,70.4,69.1,79.0,89.3,2.69
12.0,0.0,7.99,8.99,4.0,11.99,6.0,64.9,69.3,70.4,69.1,79.0,89.3,2.69
13.0,1.0,7.99,8.99,6.0,17.99,6.99,64.9,69.3,70.4,69.1,79.0,89.3,2.69
14.0,0.0,8.99,8.99,5.0,16.99,7.99,64.9,69.3,70.4,69.1,79.0,89.3,4.8
15.0,1.0,7.99,10.99,5.0,16.99,6.99,65.0,69.3,70.4,69.1,79.0,89.3,4.8
16.0,0.0,8.99,9.99,6.0,17.99,6.99,65.0,69.4,70.4,69.1,79.0,89.3,4.8
17.0,1.0,7.99,8.99,4.99,14.98,6.99,65.0,69.4,70.4,69.1,79.0,89.3,4.8
18.0,0.0,7.99,7.99,4.0,15.99,5.0,65.0,69.4,70.4,69.1,79.0,89.3,4.8
19.0,0.0,7.0,7.99,5.0,14.99,7.0,65.0,69.4,70.4,69.1,79.0,89.3,4.41
20.0,2.0,7.99,9.99,5.0,14.99,5.0,65.0,69.4,70.4,69.1,79.0,89.3,4.41
21.0,0.0,7.99,6.99,4.0,13.99,6.0,65.0,69.4,70.4,69.1,79.0,89.3,4.41
22.0,0.0,7.99,9.99,5.0,15.99,6.0,65.0,69.4,70.5,69.1,79.0,89.3,4.41
23.0,1.0,8.99,9.99,5.0,17.99,7.99,65.0,69.4,70.5,69.2,79.0,89.3,4.41
24.0,0.0,7.99,9.99,6.99,17.98,6.99,65.0,69.4,70.5,69.2,79.0,89.3,4.14
25.0,0.0,7.99,8.99,5.0,16.99,6.99,65.0,69.4,70.5,69.2,79.0,89.3,4.14
26.0,2.0,8.99,9.99,5.0,16.99,6.99,65.0,69.4,70.5,69.2,79.0,89.3,4.14
27.0,0.0,8.97,10.97,4.98,16.95,6.98,65.0,69.4,70.5,69.2,79.0,89.3,4.14
28.0,0.0,7.99,8.99,5.99,16.98,5.99,65.0,69.4,70.5,69.2,79.0,89.3,4.14
29.0,1.0,9.96,9.96,4.98,16.93,6.97,65.0,69.4,70.5,69.2,79.0,89.3,3.81
30.0,0.0,7.99,9.98,4.99,17.97,6.99,65.0,69.4,70.5,69.2,79.0,89.3,3.81
31.0,0.0,8.99,9.99,5.99,16.98,7.99,65.0,69.4,70.5,69.2,79.0,89.3,3.81
32.0,1.0,7.99,9.99,6.0,16.99,6.99,65.0,69.4,70.5,69.2,79.0,89.3,3.81
33.0,0.0,8.99,8.99,5.0,17.99,6.99,65.0,69.4,70.5,69.2,79.0,89.3,3.81
34.0,1.0,8.99,9.99,5.0,16.99,6.99,65.0,69.4,70.5,69.2,79.0,89.3,3.74
35.0,0.0,6.99,8.99,6.0,17.99,6.99,65.0,69.4,70.5,69.2,79.0,89.3,3.74
36.0,0.0,8.99,10.99,5.0,17.99,7.99,65.0,69.4,70.5,69.2,79.0,89.3,3.74
37.0,1.0,8.99,8.99,6.0,16.99,6.99,65.0,69.4,70.5,69.2,79.0,89.3,3.74
38.0,0.0,7.99,9.99,5.0,18.98,5.99,65.0,69.4,70.5,69.2,79.0,89.3,3.74
39.0,1.0,8.99,8.99,5.0,15.99,7.99,65.0,69.4,70.5,69.2,79.0,89.3,3.52
40.0,1.0,8.99,9.99,5.99,18.97,6.99,65.0,69.4,70.5,69.2,79.0,89.3,3.52
41.0,0.0,8.99,9.99,5.0,16.99,7.99,65.0,69.4,70.5,69.2,79.0,89.3,3.52
42.0,1.0,8.99,8.99,6.0,16.99,6.99,65.0,69.4,70.5,69.2,79.0,89.3,3.52
43.0,1.0,7.99,10.99,5.0,18.99,6.99,65.0,69.4,70.5,69.2,79.0,89.3,3.52
44.1,0.0,8.97,8.97,4.99,18.94,6.98,65.0,69.4,70.5,69.2,79.0,89.3,3.4
45.1,0.0,8.99,9.99,6.0,16.99,6.99,65.0,69.4,70.5,69.2,79.0,89.3,3.4
46.1,1.0,8.99,10.99,5.0,18.98,7.99,65.1,69.4,70.5,69.2,79.0,89.3,3.4
47.1,0.0,7.99,9.99,4.99,15.98,5.99,65.1,69.4,70.5,69.2,79.0,89.3,3.4
48.1,1.0,8.99,8.99,6.0,18.99,6.99,65.1,69.4,70.5,69.3,79.0,89.3,3.4
49.1,0.0,8.99,9.99,5.0,17.98,6.99,65.1,69.4,70.5,69.3,79.0,89.3,3.21
50.1,1.0,8.98,9.98,5.99,16.96,7.98,65.1,69.4,70.5,69.3,79.0,89.3,3.21
51.1,0.0,8.98,9.98,4.99,16.97,5.99,65.1,69.4,70.5,69.3,79.0,89.3,3.21
52.1,0.0,7.99,8.99,5.0,16.99,7.99,65.1,69.4,70.5,69.3,79.0,89.3,3.21
53.1,0.0,8.99,9.99,6.0,16.99,6.0,65.1,69.4,70.5,69.3,79.0,89.3,3.21
54.1,1.0,8.99,10.99,4.99,16.98,6.99,65.1,69.5,70.5,69.3,79.0,89.3,2.95
55.1,0.0,7.99,9.99,5.0,16.99,6.99,65.1,69.5,70.5,69.3,79.0,89.3,2.95
56.1,2.0,8.99,9.99,5.99,16.98,7.99,65.1,69.5,70.5,69.3,79.0,89.3,2.95
57.1,0.0,8.98,8.98,5.99,15.97,6.99,65.1,69.5,70.5,69.3,79.0,89.3,2.95
58.1,0.0,7.99,8.99,6.0,16.99,6.99,65.1,69.5,70.5,69.3,79.0,89.3,2.95
59.1,1.0,7.99,9.99,4.99,16.98,6.99,65.1,69.5,70.5,69.3,79.0,89.3,2.72
60.1,0.0,8.99,9.99,4.99,17.98,6.99,65.1,69.5,70.5,69.3,79.0,89.3,2.72
61.1,0.0,7.99,9.99,5.0,17.98,6.99,65.1,69.5,70.5,69.3,79.0,89.3,2.72
62.1,1.0,8.97,8.97,5.98,16.95,6.98,65.1,69.5,70.6,69.3,79.0,89.3,2.72
63.1,0.0,8.99,9.99,5.99,17.98,7.99,65.1,69.5,70.6,69.3,79.0,89.3,2.72
64.1,1.0,7.99,9.99,5.0,16.98,6.99,65.1,69.5,70.6,69.3,79.0,89.3,2.82
65.1,0.0,8.99,9.99,5.0,17.98,6.99,65.1,69.5,70.6,69.3,79.0,89.3,2.82
66.1,0.0,8.99,9.99,4.99,16.98,7.99,65.1,69.5,70.6,69.3,79.0,89.3,2.82
67.1,1.0,8.97,8.97,6.98,16.95,6.98,65.1,69.5,70.6,69.3,79.0,89.3,2.82
68.1,1.0,8.99,10.99,4.0,17.98,6.99,65.1,69.5,70.6,69.3,79.0,89.3,2.82
69.1,0.0,8.99,8.99,5.99,15.99,6.99,65.1,69.5,70.6,69.3,79.0,89.3,2.83
70.1,1.0,8.99,9.99,5.99,18.97,6.99,65.1,69.5,70.6,69.3,79.0,89.3,2.83
71.1,0.0,8.99,9.99,4.99,16.98,6.99,65.1,69.5,70.6,69.3,79.0,89.3,2.83
72.1,0.0,8.99,9.99,5.0,16.99,6.99,65.1,69.5,70.6,69.3,79.0,89.3,2.83
73.1,2.0,8.98,9.98,4.99,16.96,7.98,65.1,69.5,70.6,69.3,79.0,89.3,2.83
74.1,0.0,7.99,9.99,4.99,17.98,7.99,65.1,69.5,70.6,69.3,79.0,89.3,4.37
75.1,0.0,8.99,9.99,5.99,17.97,6.99,65.1,69.5,70.6,69.3,79.0,89.3,4.37
76.1,1.0,7.99,9.99,5.99,16.98,6.99,65.1,69.5,70.6,69.3,79.0,89.3,4.37
77.1,0.0,7.99,8.99,4.0,14.99,5.99,65.1,69.5,70.6,69.3,79.0,89.3,4.37
78.1,0.0,7.99,8.99,5.0,14.99,6.0,65.2,69.5,70.6,69.4,79.0,89.3,4.37
79.1,1.0,7.98,7.98,4.99,14.97,5.99,65.2,69.5,70.6,69.4,79.0,89.3,4.34
80.1,1.0,6.99,7.99,5.0,14.99,5.99,65.2,69.5,70.6,69.4,79.0,89.3,4.34
81.1,0.0,7.0,7.99,4.0,13.99,7.0,65.2,69.5,70.6,69.4,79.0,89.3,4.34
82.1,0.0,7.99,9.99,5.0,15.99,6.0,65.2,69.5,70.6,69.4,79.0,89.3,4.34
83.1,1.0,7.99,8.99,6.0,16.99,7.99,65.2,69.5,70.6,69.4,79.0,89.3,4.34
84.1,0.0,7.99,9.99,5.0,17.99,6.0,65.2,69.5,70.6,69.4,79.0,89.3,3.99
85.1,1.0,8.99,9.99,4.99,18.98,7.99,65.2,69.6,70.6,69.4,79.0,89.3,3.99
86.1,0.0,8.99,9.99,5.99,17.98,7.99,65.2,69.6,70.6,69.4,79.0,89.3,3.99
87.1,1.0,8.99,9.99,5.0,17.99,6.99,65.2,69.6,70.6,69.4,79.0,89.3,3.99
88.1,0.0,7.99,9.99,6.0,16.99,6.99,65.2,69.6,70.7,69.4,79.0,89.3,3.99
89.1,0.0,8.99,9.99,5.0,16.99,6.99,65.2,69.6,70.7,69.4,79.0,89.3,4.23
90.1,1.0,8.99,10.99,5.0,16.99,5.99,65.2,69.6,70.7,69.4,79.0,89.3,4.23
